{
  "IcoMoonType": "selection",
  "icons": [
    {
      "icon": {
        "paths": [
          "M170.069 35.911v952.158l720.587-476.079z"
        ],
        "attrs": [
          {}
        ],
        "isMulticolor": false,
        "isMulticolor2": false,
        "grid": 0,
        "tags": [
          "play"
        ]
      },
      "attrs": [
        {}
      ],
      "properties": {
        "order": 6,
        "id": 9,
        "name": "play",
        "prevSize": 32
      },
      "setIdx": 0,
      "setId": 0,
      "iconIdx": 0
    },
    {
      "icon": {
        "paths": [
          "M1024 226.4c-37.6 16.8-78.208 28-120.608 32.992 43.392-26.016 76.608-67.2 92.384-116.192-40.608 24-85.6 41.6-133.408 51.008-38.4-40.8-92.992-66.208-153.408-66.208-116 0-210.016 94.016-210.016 210.016 0 16.384 1.792 32.384 5.408 47.808-174.592-8.8-329.408-92.416-432.992-219.584-18.016 31.008-28.384 67.2-28.384 105.6 0 72.8 36.992 137.184 93.408 174.816-34.4-0.992-66.784-10.592-95.2-26.208 0 0.8 0 1.792 0 2.592 0 101.792 72.416 186.816 168.608 205.984-17.6 4.8-36.192 7.392-55.392 7.392-13.6 0-26.592-1.408-39.584-3.808 26.816 83.392 104.416 144.192 196.192 146.016-72 56.384-162.4 90.016-260.992 90.016-16.992 0-33.6-0.992-50.208-3.008 93.216 59.808 203.584 94.4 322.208 94.4 386.4 0 597.792-320.192 597.792-597.792 0-9.184-0.192-18.208-0.608-27.2 40.992-29.408 76.608-66.4 104.8-108.608z"
        ],
        "attrs": [
          {}
        ],
        "isMulticolor": false,
        "isMulticolor2": false,
        "grid": 0,
        "tags": [
          "twitter"
        ]
      },
      "attrs": [
        {}
      ],
      "properties": {
        "order": 7,
        "id": 8,
        "name": "twitter",
        "prevSize": 32
      },
      "setIdx": 0,
      "setId": 0,
      "iconIdx": 1
    },
    {
      "icon": {
        "paths": [
          "M789.44 738.048l225.472 231.648c12.32 12.672 12.064 32.928-0.608 45.248s-32.928 12.064-45.248-0.608l-224.448-230.56c-79.008 69.856-182.88 112.256-296.608 112.256-247.424 0-448-200.576-448-448s200.576-448 448-448c247.424 0 448 200.576 448 448 0 110.624-40.096 211.904-106.56 290.048zM448 832c212.064 0 384-171.936 384-384s-171.936-384-384-384c-212.064 0-384 171.936-384 384s171.936 384 384 384z"
        ],
        "attrs": [
          {}
        ],
        "isMulticolor": false,
        "isMulticolor2": false,
        "grid": 0,
        "tags": [
          "search"
        ]
      },
      "attrs": [
        {}
      ],
      "properties": {
        "order": 8,
        "id": 7,
        "name": "search",
        "prevSize": 32
      },
      "setIdx": 0,
      "setId": 0,
      "iconIdx": 2
    },
    {
      "icon": {
        "paths": [
          "M928 0h-832c-52.8 0-96 43.2-96 96v832c0 52.8 43.2 96 96 96h832c52.8 0 96-43.2 96-96v-832c0-52.8-43.2-96-96-96zM384 832h-128v-448h128v448zM320 320c-35.392 0-64-28.608-64-64s28.608-64 64-64c35.392 0 64 28.608 64 64s-28.608 64-64 64zM832 832h-128v-256c0-35.392-28.608-64-64-64s-64 28.608-64 64v256h-128v-448h128v79.392c26.4-36.192 66.784-79.392 112-79.392 79.616 0 144 71.616 144 160v288z"
        ],
        "attrs": [
          {}
        ],
        "isMulticolor": false,
        "isMulticolor2": false,
        "grid": 0,
        "tags": [
          "linkedin"
        ]
      },
      "attrs": [
        {}
      ],
      "properties": {
        "order": 9,
        "id": 6,
        "name": "linkedin",
        "prevSize": 32
      },
      "setIdx": 0,
      "setId": 0,
      "iconIdx": 3
    },
    {
      "icon": {
        "paths": [
          "M522.208 438.816v175.584h290.4c-11.808 75.392-87.808 220.8-290.4 220.8-174.816 0-317.408-144.8-317.408-323.2s142.592-323.2 317.408-323.2c99.392 0 166.016 42.4 204 79.008l139.008-133.792c-89.216-83.584-204.8-134.016-343.008-134.016-283.008 0-512 228.992-512 512s228.992 512 512 512c295.392 0 491.616-207.808 491.616-500.192 0-33.6-3.616-59.2-8-84.8l-483.616-0.192z"
        ],
        "attrs": [
          {}
        ],
        "isMulticolor": false,
        "isMulticolor2": false,
        "grid": 0,
        "tags": [
          "google"
        ]
      },
      "attrs": [
        {}
      ],
      "properties": {
        "order": 10,
        "id": 5,
        "name": "google",
        "prevSize": 32
      },
      "setIdx": 0,
      "setId": 0,
      "iconIdx": 4
    },
    {
      "icon": {
        "paths": [
          "M608 192h160v-192h-160c-123.52 0-224 100.48-224 224v96h-128v192h128v512h192v-512h160l32-192h-192v-96c0-17.344 14.656-32 32-32z"
        ],
        "attrs": [
          {}
        ],
        "isMulticolor": false,
        "isMulticolor2": false,
        "grid": 0,
        "tags": [
          "facebook"
        ]
      },
      "attrs": [
        {}
      ],
      "properties": {
        "order": 11,
        "id": 4,
        "name": "facebook",
        "prevSize": 32
      },
      "setIdx": 0,
      "setId": 0,
      "iconIdx": 5
    },
    {
      "icon": {
        "paths": [
          "M560.288 512l453.728 453.728c13.344 13.344 13.344 34.944 0 48.288s-34.944 13.344-48.288 0l-453.728-453.728-453.728 453.728c-13.344 13.344-34.944 13.344-48.256 0s-13.344-34.944 0-48.288l453.728-453.728-453.728-453.728c-13.344-13.344-13.344-34.944 0-48.256s34.944-13.344 48.256 0l453.728 453.728 453.728-453.728c13.344-13.344 34.944-13.344 48.288 0s13.344 34.944 0 48.256l-453.728 453.728z"
        ],
        "attrs": [
          {}
        ],
        "isMulticolor": false,
        "isMulticolor2": false,
        "grid": 0,
        "tags": [
          "close"
        ]
      },
      "attrs": [
        {}
      ],
      "properties": {
        "order": 12,
        "id": 3,
        "name": "close",
        "prevSize": 32
      },
      "setIdx": 0,
      "setId": 0,
      "iconIdx": 6
    },
    {
      "icon": {
        "paths": [
          "M936.704 96l87.296 77.92-671.104 731.968-352.896-346.048 84.064-82.88 264.672 259.552 587.968-640.48z"
        ],
        "attrs": [
          {}
        ],
        "isMulticolor": false,
        "isMulticolor2": false,
        "grid": 0,
        "tags": [
          "checkmark"
        ]
      },
      "attrs": [
        {}
      ],
      "properties": {
        "order": 13,
        "id": 2,
        "name": "checkmark",
        "prevSize": 32
      },
      "setIdx": 0,
      "setId": 0,
      "iconIdx": 7
    },
    {
      "icon": {
        "paths": [
          "M916.448 470.816l-277.728-278.24c-12.096-12.128-12.096-31.776 0.032-43.872s31.776-12.096 43.872 0.032l330.592 331.2c12.096 12.128 12.096 31.744 0 43.84l-330.592 331.2c-12.096 12.128-31.744 12.16-43.872 0.032s-12.16-31.744-0.032-43.872l277.728-278.24h-885.824c-17.152 0-31.040-13.888-31.040-31.040s13.888-31.040 31.040-31.040h885.824z"
        ],
        "attrs": [
          {}
        ],
        "isMulticolor": false,
        "isMulticolor2": false,
        "grid": 0,
        "tags": [
          "arrow-forward"
        ]
      },
      "attrs": [
        {}
      ],
      "properties": {
        "order": 14,
        "id": 1,
        "name": "arrow-forward",
        "prevSize": 32
      },
      "setIdx": 0,
      "setId": 0,
      "iconIdx": 8
    },
    {
      "icon": {
        "paths": [
          "M107.552 470.816l277.728-278.24c12.096-12.128 12.096-31.776-0.032-43.872s-31.776-12.096-43.872 0.032l-330.592 331.2c-12.096 12.128-12.096 31.744 0 43.84l330.592 331.2c12.096 12.128 31.744 12.16 43.872 0.032s12.16-31.744 0.032-43.872l-277.728-278.24h885.824c17.152 0 31.040-13.888 31.040-31.040s-13.888-31.040-31.040-31.040h-885.824z"
        ],
        "attrs": [
          {}
        ],
        "isMulticolor": false,
        "isMulticolor2": false,
        "grid": 0,
        "tags": [
          "arrow-backward"
        ]
      },
      "attrs": [
        {}
      ],
      "properties": {
        "order": 15,
        "id": 0,
        "name": "arrow-backward",
        "prevSize": 32
      },
      "setIdx": 0,
      "setId": 0,
      "iconIdx": 9
    }
  ],
  "height": 1024,
  "preferences": {
    "showGlyphs": true,
    "showQuickUse": true,
    "showQuickUse2": true,
    "showSVGs": true,
    "fontPref": {
      "prefix": "icon-",
      "metadata": {
        "fontFamily": "icomoon"
      },
      "metrics": {
        "emSize": 1024,
        "baseline": 6.25,
        "whitespace": 50
      },
      "embed": false
    },
    "imagePref": {
      "prefix": "icon-",
      "png": true,
      "useClassSelector": true,
      "color": 0,
      "bgColor": 16777215,
      "classSelector": ".icon",
      "name": "icomoon"
    },
    "historySize": 50,
    "showCodes": true,
    "gridSize": 16
  }
}